{
  "train_loss": [
    0.21255738842359279,
    0.007407716187493254,
    0.006034233051662644,
    0.004732649202827209,
    0.004696912302752026,
    0.00500216350890696,
    0.005986713298868077,
    0.0041978755780049445,
    0.004025617149018217,
    0.0036804707198947045,
    0.0041839686675424065,
    0.003664739512120529,
    0.0032837036591081416,
    0.0030640637135851043,
    0.002838191620782406,
    0.0029462859212071634,
    0.0027479771600822764,
    0.0028082598617766054,
    0.0025605039427561375,
    0.0025830314379224244,
    0.0028507739278332642,
    0.0024758354716565615,
    0.002456103009947886,
    0.0024797404541944466,
    0.0023796207205062578,
    0.0029644967422063928,
    0.002433812641344654,
    0.0028448985316208565,
    0.002826559248933336,
    0.002589919549403324,
    0.0022326046398181156,
    0.0021537384273930607,
    0.0020864413496747146,
    0.0020498552882054354,
    0.002014783785465018,
    0.002007697323715547,
    0.0019855977719028793,
    0.0019536402176405926,
    0.0019885005417260497,
    0.0019483790754748042,
    0.00198404596526719,
    0.0019313891345033578,
    0.0019273347879061476,
    0.0019256167517839155,
    0.0019245498975700077,
    0.001947619386385971,
    0.0019025019238567136,
    0.0019045075529720635,
    0.0019068658993152592,
    0.0018962316232500598,
    0.0018915114447493882,
    0.0019055948342429473,
    0.001895406829668597,
    0.0018737847336160484,
    0.0018853466673075065,
    0.0018839405040974573,
    0.001890513341932092,
    0.0018883197000832297,
    0.0018778225384206357,
    0.0018816819726392472,
    0.001803051172804165,
    0.0017744341840443666,
    0.0018267875411644733,
    0.0017653479479971187,
    0.001772046166297514,
    0.0017636169061006513,
    0.001762961358957303,
    0.0017664433893029732,
    0.0017592842036295527,
    0.0017716900221906447,
    0.0017630138674576302,
    0.001774580161339448,
    0.001764656254623939,
    0.001755897849604177,
    0.0017608959112840239,
    0.0017528038981254213,
    0.0017641376656198796,
    0.0017539905285957503,
    0.0017590695903830541,
    0.0017553855423466302
  ],
  "val_loss": [
    0.002922429340234136,
    0.002742970028467586,
    0.0016743063336916214,
    0.0014803966585211182,
    0.0021178007334717273,
    0.0019487368652549135,
    0.0035403694680152353,
    0.0029113062962150093,
    0.003313074409722022,
    0.002874288591556251,
    0.001458631147911279,
    0.0019804998228210025,
    0.0017826554865357192,
    0.006561480655149995,
    0.001997078278423835,
    0.001375597417149145,
    0.0019246732006328838,
    0.003224264022291583,
    0.001318686563643175,
    0.003328720633255537,
    0.001355949998148443,
    0.0014790890465305624,
    0.0016837917749345413,
    0.0018459974907112636,
    0.00149250197907403,
    0.001450550379077493,
    0.0016122713063583326,
    0.0029751455483218547,
    0.0020148594613762245,
    0.0014597219710327301,
    0.001344822790569571,
    0.0013676399798628956,
    0.00130258537704803,
    0.0014606166326249128,
    0.0015864334906355532,
    0.0014002683807013776,
    0.0014821122997947147,
    0.0015015735651318478,
    0.0013398022390046047,
    0.001498779798138832,
    0.0012436560280227294,
    0.0013044524778653046,
    0.0012993370195652138,
    0.0013808313789708977,
    0.0014170975580996396,
    0.0014773425483487219,
    0.001241353212047697,
    0.001226527964557617,
    0.0013656079739602694,
    0.0013529551955905523,
    0.0012774446355144713,
    0.00157603996066267,
    0.0012252414800219841,
    0.001237489131573752,
    0.0016380353605628068,
    0.0012265038505360922,
    0.0012834762689154183,
    0.001466522716167246,
    0.0013560737951432682,
    0.0012953558978230884,
    0.0012589242064945318,
    0.0013237272903686116,
    0.0012608795490557574,
    0.001239984855227008,
    0.0012911574950147256,
    0.00149114598538932,
    0.0012067713146012358,
    0.0012708846997531295,
    0.001232478117719224,
    0.0012500354628975723,
    0.0012399560574147686,
    0.0011984545573581913,
    0.001235172526589047,
    0.0011899514345928123,
    0.0014349051647620987,
    0.001183311763109968,
    0.0012217501096208306,
    0.0012400946293115232,
    0.0013612066121662363,
    0.0012388265486686792
  ],
  "val_psnr": [
    25.871684345126965,
    25.905442688308373,
    28.322081732654446,
    28.80033175205217,
    27.007958433452817,
    27.499831284424403,
    24.75291145660486,
    25.52772886451891,
    25.126246457144305,
    26.57264668413621,
    28.826335129277364,
    27.664543895994512,
    27.840375698347536,
    25.691008352810023,
    27.399726222895328,
    29.028669908040403,
    27.640936278935495,
    25.038795777295455,
    29.268797228434163,
    25.000940868659622,
    29.11779227154577,
    28.726075205917695,
    28.184440166365793,
    27.780763266590846,
    28.694123528775922,
    28.863405766260268,
    28.259627850783378,
    25.4773990580295,
    27.4522365800963,
    28.7574820319523,
    29.19956967163578,
    29.090000296203506,
    29.316018006815234,
    28.806589349238745,
    28.416104720264556,
    28.96288788722527,
    28.66995412697327,
    28.580520503582303,
    29.2092769303925,
    28.714512434950237,
    29.57127697454776,
    29.36776071626962,
    29.275458597448033,
    28.95259422321584,
    28.888107217139822,
    28.681422998069678,
    29.57765198702014,
    29.644045868711423,
    29.107899962270327,
    29.213287938052385,
    29.40919922059544,
    28.607907494866343,
    29.65040598040463,
    29.59265134182235,
    28.28449412233665,
    29.661706328187734,
    29.39394202142364,
    28.79800513630653,
    29.114459774598476,
    29.386273984241885,
    29.465102267685086,
    29.220230599803507,
    29.531541760087645,
    29.567148056113524,
    29.475660016969172,
    28.717188520470458,
    29.7328997183999,
    29.40961396387203,
    29.69338403142268,
    29.506714591057953,
    29.60139361766141,
    29.744706588821153,
    29.596491432985072,
    29.80197191733319,
    28.918044226956745,
    29.825414083983993,
    29.677837137331828,
    29.57052771684585,
    29.090081102442994,
    29.666555693829245
  ],